barjraj,m
amit,m
kushal,m
kasid,m
sanjay,m
abhi,m
chanderpal,m
aman,m
khursid,m
rajeev,m
durgesh,m
rohit,m
rohit,m
sparsh,m
santosh,m
santosh,m
dinesh,m
gulshan,m
nausad,m
rohit,m
rohit,m
chotelal,m
amit,m
rupesh,m
midda,m
sarain,m
sumit,m
arindra,m
vikash,m
aman,m
hemant,m
shivam,m
aakash,m
chandesh,m
irfan,m
azaruddin,m
manoj,m
pawan,m
sandeep,m
parvesh,m
yogita,m
rajender,m
suraj,m
rizwan,m
sandeep,m
deepak,m
rahul,m
abhishekh,m
sanjay,m
ankit,m
amit,m
arjun,m
sumit,m
tammanne,m
ajay,m
silender,m
deepak,m
akhilesh,m
nitin,m
rahul,m
adnan,m
vijay,m
yogesh,m
kabir,m
sarvesh,m
rahul,m
vivek,m
shafibul,m
rohit,m
rohit,m
rajkumar,m
mubarik,m
niraj,m
axat,m
amit,m
akkash,m
himanshu,m
sachin,m
bhupender,m
sanjay,m
yognder,m
subhash,m
rahul,m
vikas,m
vinod,m
salman,m
imamudeen,m
tarjan,m
murari,m
ramvilash,m
jagdish,m
ramvilash,m
kuldeep,m
talim,m
balraj,m
sukhdev,m
beeru,m
vipin,m
guddu,m
shadab,m
rakesh,m
guddu,m
abhishek,m
gulfam,m
amarjeet,m
satyadev,m
rishi,m
sumit,m
saddam,m
deepak,m
arun,m
virender,m
bishun,m
kishan,m
sachin,m
deepak,m
rajbir,m
krishan,m
jony,m
amit,m
amardeep,m
jagdish,m
bharat,m
azaz,m
parveen,m
yogesh,m
madan,m
rashid,m
jitender,m
vivek,m
deep,m
dharmbir,m
avinsh,m
karan,m
sagar,m
nikhil,m
raman,m
abhijeet,m
anshu,m
sahil,m
gaurav,m
sunil,m
vishvash,m
sonia,m
santosh,m
kayamuddin,m
deepak,m
satender,m
mobin,m
vikash,m
vipol,m
sanjay,m
rajmani,m
mohan,m
farid,m
gappu,m
nazeem,m
aamir,m
sandeep,m
gutam,m
prakul,m
birjesh,m
ikramuddin,m
sajan,m
molu,m
dilawar,m
sanjay,m
ajahar,m
sanjeev,m
rohit,m
sandhaya,m
ashish,m
irfan,m
dinesh,m
satpal,m
ashfaq,m
shaid,m
mehraj,m
chetan,m
sanavvar,m
mustaq,m
vakil,m
mukesh,m
sunny,m
shakir,m
kiran,m
rajan,m
ayush,m
suraj,m
sehboob,m
manish,m
divaraj,m
kamlesh,m
rahul,m
azruddin,m
inderjeet,m
sanjay,m
golu,m
lokesh,m
rajkumar,m
rijakpal,m
shishram,m
ajit,m
deelip,m
deelip,m
rahul,m
monu,m
ramesh,m
saurabh,m
avdhesh,m
ashu,m
manjeet,m
jaipal,m
kasim,m
vijay,m
udham,m
ayush,m
ravinder,m
rahul,m
rahul,m
rohit,m
ajay,m
shahid,m
amarjeet,m
ishtkar,m
abhishekh,m
rashab,m
vinod,m
narender,m
dinesh,m
rakesh,m
ankush,m
kuldeep,m
vivek,m
pankaj,m
sanjay,m
anwar,m
gorav,m
jitender,m
abbas,m
avinash,m
ravish,m
rekhai,m
vashudev,m
goldy,m
devender,m
veer,m
babloo,m
gourav,m
sunil,m
amarapal,m
momin,m
parminder,m
mustafa,m
sanjay,m
dharmender,m
suresh,m
rohit,m
dinesh,m
sagar,m
vipin,m
kuldeep,m
abhimanyu,m
rohan,m
kanheya,m
deepak,m
mushrraf,m
prem,m
monu,m
pawan,m
deepak,m
nithyanandham,m
ajay,m
gopal,m
vivek,m
mahavir,m
soni,m
pawan,m
rima,m
suraj,m
virender,m
sunder,m
omparkash,m
saddam,m
shardanand,m
vikash,m
amrudin,m
shahnawaz,m
dinesh,m
sapna,m
surendra,m
naveen,m
amar,m
kishan,m
dharmender,m
rishab,m
ziyabul,m
devender,m
suraj,m
shyama,m
jagdish,m
sachin,m
parbhat,m
nanagram,m
gautam,m
mohan,m
govind,m
usha,m
ashish,m
ankit,m
surender,m
chhotelal,m
karan,m
karan,m
sambhu,m
bablu,m
bablu,m
raju,m
yasib,m
sushant,m
adersen,m
ramesh,m
sagar,m
amit,m
himanshu,m
fitrat,m
krishan,m
somdath,m
shiva,m
vishal,m
sonu,m
tausin,m
rajveer,m
annu,m
anand,m
rahul,m
yameen,m
vivek,m
mukesh,m
sahil,m
vasim,m
birju,m
pradeep,m
tufail,m
parveen,m
afridi,m
tahir,m
ravi,m
abhay,m
inderpal,m
suraj,m
aasto,m
dhansinghpuri,m
arjun,m
nirmal,m
niranjan,m
saurabh,m
ajay,m
sagar,m
akash,m
andhav,m
ranbir,m
amit,m
sikandar,m
satnosh,m
pawan,m
laxman,m
milan,m
rahul,m
manish,m
arun,m
mohit,m
sameer,m
samadh,m
sachin,m
mukesh,m
sachin,m
tikku,m
deepak,m
vikash,m
janesh,m
satender,m
khimanand,m
akshit,m
vinay,m
pancham,m
shekher,m
vinod,m
rakesh,m
ishwar,m
bilal,m
pramod,m
vijay,m
omprkash,m
masoom,m
abhishek,m
ankit,m
deepak,m
asharam,m
deepu,m
aashik,m
ashok,m
satish,m
sanjeev,m
suraj,m
rajkumar,m
harender,m
amit,m
parmod,m
sanjeev,m
savan,m
aarif,m
dinesh,m
vicky,m
devender,m
chanchal,m
shamshad,m
deepak,m
vipulander,m
yogesh,m
raju,m
saurabh,m
piyush,m
lakhan,m
nadim,m
sahdab,m
deepak,m
tufel,m
tekchand,m
bobby,m
pankaj,m
tejvir,m
dilip,m
deepak,m
subodh,m
pramood,m
dev,m
devender,m
muntiyaj,m
lilu,m
surjeet,m
dev,m
raju,m
deva,m
firoz,m
rahul,m
raghuveer,m
dheeraj,m
krishan,m
ritik,m
ketan,m
dinesh,m
rampati,m
rahul,m
abhishek,m
ramsurat,m
sanjeev,m
jockyipai,m
jitender,m
ramsem,m
shahrukh,m
aakash,m
laxman,m
samsuddin,m
ankit,m
sagar,m
somender,m
sorabh,m
aabid,m
sumit,m
shakil,m
monu,m
lalit,m
amil,m
sidharath,m
ankit,m
ankit,m
atul,m
sunny,m
amit,m
ravi,m
sumit,m
roshan,m
rohit,m
deepak,m
amit,m
sonu,m
amit,m
chanderpal,m
ishant,m
vishal,m
durganand,m
vishal,m
chandan,m
aman,m
brijmohan,m
nikhil,m
karan,m
tajuddin,m
suhail,m
deepak,m
baksi,m
rahul,m
devraj,m
kishan,m
vijay,m
vijay,m
kishan,m
kaif,m
raju,m
shyam,m
arsh,m
satish,m
deepak,m
deepak,m
chirag,m
prince,m
tarif,m
sumit,m
sanni,m
firoj,m
ranjeet,m
rupesh,m
kuldeep,m
manish,m
surender,m
praveen,m
rinki,m
akram,m
khemraj,m
neeraj,m
rahul,m
chandan,m
dinesh,m
mukesh,m
sukhdev,m
himanshu,m
arman,m
mohan,m
birjesh,m
ajit,m
vikash,m
ravi,m
lekhraj,m
praveen,m
samsuddin,m
aayush,m
pradeep,m
rajaram,m
sumit,m
ranjit,m
rahul,m
shail,m
naresh,m
avinash,m
sanjeev,m
raja,m
rupender,m
laxman,m
saddam,m
kamruddin,m
jaiprakash,m
arjun,m
monu,m
anurag,m
raju,m
rahul,m
jagmal,m
ramesh,m
prem,m
prasant,m
neeraj,m
prahlad,m
ankit,m
ajay,m
santosh,m
gaurav,m
sharukh,m
mohit,m
harison,m
danish,m
anuj,m
rahul,m
pawan,m
adi,m
riyaz,m
pankaj,m
suraj,m
rahul,m
divansh,m
muneer,m
gulfam,m
dhalchand,m
paras,m
roshan,m
chanden,m
vinod,m
avinash,m
vijay,m
chandrram,m
ansh,m
amit,m
manoj,m
islam,m
pankaj,m
sanjay,m
rajkumar,m
sohaib,m
krishana,m
deepak,m
sonali,m
piyush,m
naresh,m
hemant,m
amit,m
sanjay,m
satyam,m
raju,m
dhramender,m
sunil,m
deepak,m
harsh,m
harsh,m
ashish,m
raja,m
narayan,m
ramhetu,m
dharmender,m
raja,m
arjun,m
sajjan,m
jatin,m
kapil,m
deepak,m
amit,m
imran,m
rajan,m
rajveer,m
sameem,m
chetanram,m
ajman,m
shisupal,m
vikarm,m
rohit,m
ashu,m
shyamveer,m
rajkumar,m
sahil,m
ramchander,m
harkesh,m
islam,m
ashutosh,m
ashu,m
rahul,m
shashikant,m
arvind,m
pancu,m
ramtek,m
manoj,m
parteek,m
hansraj,m
mukesh,m
chandan,m
nitin,m
nadeem,m
babu,m
ameen,m
suresh,m
deepak,m
kapil,m
ajay,m
pardeep,m
vipin,m
suraj,m
chetan,m
vishal,m
suman,m
mahaveer,m
naresh,m
yash,m
shayam,m
mahipal,m
ramprasad,m
gautam,m
asif,m
suraj,m
raju,m
mohit,m
rajesh,m
vikas,m
ashok,m
rahul,m
arif,m
imran,m
karan,m
virender,m
surjeet,m
rohit,m
sonu,m
harichand,m
chatan,m
deepchand,m
abhishek,m
vicky,m
aoosaf,m
abrar,m
dheeraj,m
manish,m
ratiman,m
abhishek,m
suraj,m
jasbir,m
mobin,m
aman,m
anwari,m
shyamlal,m
nashim,m
sonu,m
raju,m
sandeep,m
aatif,m
jahid,m
anil,m
ashu,m
pavan,m
ankit,m
raju,m
rinku,m
akash,m
altaf,m
ajay,m
shagufta,m
manish,m
naresh,m
moni,m
harendra,m
sivam,m
shambhu,m
anil,m
shripal,m
mahendra,m
shivyalam,m
dharmandra,m
rajiv,m
hrithik,m
pooja,m
shashank,m
akbar,m
sehzad,m
sanjay,m
ahsan,m
abhimanyu,m
ashutosh,m
aftab,m
rahul,m
arman,m
jitender,m
faijal,m
shivam,m
mukesh,m
arjun,m
subhas,m
kavilash,m
gorav,m
mamta,m
robin,m
ravi,m
lalaram,m
bhupender,m
anil,m
mamchand,m
manful,m
satbar,m
kunal,m
aman,m
salmaan,m
deepak,m
manoj,m
hararat,m
anshul,m
kunal,m
anil,m
kalu,m
arjun,m
anjali,m
rohit,m
sunil,m
omprakash,m
taushif,m
sameer,m
laxman,m
deshraj,m
surender,m
shibu,m
shamim,m
dharmender,m
subhash,m
jitender,m
irshad,m
satender,m
anshu,m
pintu,m
prem,m
sonu,m
saurabh,m
surender,m
ashish,m
satpal,m
vipta,m
aadil,m
lalit,m
fulmiya,m
balram,m
vikash,m
rajesh,m
rakesh,m
ravinder,m
sudhansu,m
raseel,m
bhajanlal,m
nadeem,m
hariom,m
ashu,m
aashu,m
sanjeev,m
azam,m
arsh,m
bharma,m
gyanendra,m
javed,m
gulreg,m
aman,m
sumer,m
udaiveer,m
naresh,m
sunil,m
chetan,m
deepak,m
ravi,m
mohit,m
salim,m
rishi,m
pradeep,m
naseem,m
akshpaat,m
rajesh,m
ashok,m
akshay,m
sumit,m
yogeshwar,m
manoj,m
sonu,m
jeetu,m
ashish,m
rajan,m
amit,m
harpal,m
amarjeet,m
satyvrat,m
versha,m
kumar,m
punit,m
mohit,m
himanshu,m
manish,m
imran,m
ravi,m
sumit,m
rohit,m
rajender,m
mukeemuddin,m
ronak,m
deepak,m
bittu,m
lalit,m
jahid,m
nitin,m
vishal,m
gaurav,m
rihan,m
divyansh,m
vishal,m
jitendra,m
nwed,m
amit,m
naresh,m
hemant,m
kuldeep,m
abdullah,m
raghuvir,m
anshu,m
chandan,m
dular,m
shobharam,m
ravi,m
subhash,m
lokesh,m
vivek,m
kiran,m
rahul,m
deepak,m
devinder,m
manjeet,m
rajeev,m
ashok,m
akhilesh,m
mahipal,m
firoj,m
dinesh,m
somnath,m
khursheed,m
vikas,m
sonu,m
rupesh,m
arsad,m
javed,m
bablu,m
sachin,m
deepak,m
rahul,m
rinku,m
pramod,m
arman,m
praveen,m
rahul,m
anuj,m
sanjay,m
parmod,m
jitender,m
mohd.amir,m
nandu,m
rajni,m
taj,m
bablu,m
unknown,m
deewan,m
aashu,m
suminder,m
mohinuddin,m
kiran,m
saddam,m
ravi,m
abhisekh,m
akash,m
aditya,m
rohit,m
ramjan,m
meenu,m
soyam,m
lakki,m
sonu,m
rohit,m
rahul,m
deepak,m
kishan,m
ravi,m
ravi,m
mithun,m
rishi,m
vishal,m
manish,m
ankit,m
karan,m
sahil,m
nijam,m
mahfuj,m
sandeep,m
manav,m
kalish,m
rohit,m
deepak,m
deepak,m
jagdish,m
bansilal,m
jalaluddin,m
sachin,m
amarjeet,m
satbir,m
bobby,m
ramswaroop,m
satyam,m
rinku,m
nitin,m
monu,m
roshan,m
akbar,m
nisha,m
sachin,m
shetan,m
bablu,m
shahnawaj,m
iklakh,m
deepu,m
halkuji,m
shahrukh,m
matadeen,m
avdhesh,m
vinay,m
shahrukh,m
rakesh,m
rinkoo,m
dheeraj,m
islam,m
ashok,m
ahsan,m
हंसाराम,m
shivam,m
vijay,m
sonu,m
rishabh,m
rakesh,m
anmol,m
naveen,m
moolchand,m
aditya,m
sarfraj,m
rustam,m
dheeraj,m
rohit,m
shashwat,m
vimlesh,m
ankit,m
suraj,m
sandeep,m
shivam,m
salman,m
abhishek,m
sahid,m
hazari,m
tinku,m
amir,m
javed,m
akilesh,m
kamlesh,m
subhash,m
rajan,m
vijay,m
sourabh,m
jeetu,m
sumit,m
vikash,m
amit,m
shripal,m
arun,m
dilbar,m
parsnath,m
gulshad,m
rizwan,m
ritik,m
siwani,m
arshad,m
gangadhar,m
ankit,m
baburam,m
sachin,m
shahrukh,m
deepak,m
sultan,m
suraj,m
arun,m
vikash,m
manoj,m
harshit,m
gjender,m
jitender,m
ramesh,m
pulkit,m
shamsuddin,m
arif,m
sandeep,m
paramjeet,m
ashok,m
raja,m
aashif,m
karan,m
kewal,m
raja,m
rahul,m
jubed,m
sumit,m
sanu,m
kishan,m
prakash,m
ballu,m
punnet,m
chand,m
javed,m
vikash,m
farhan,m
balraj,m
rajkumar,m
ramkesh,m
mohit,m
shakib,m
ajay,m
raman,m
tohid,m
harib,m
aasif,m
sahil,m
rajat,m
harsh,m
rihan,m
farhan,m
sahil,m
sanjeev,m
tony,m
manish,m
sahwaj,m
raju,m
aman,m
akash,m
manish,m
ramji,m
sameer,m
shaurabh,m
jitender,m
deepak,m
amir,m
bhopal,m
virender,m
fakrrudeen,m
amit,m
sanjay,m
rajender,m
mohit,m
saleem,m
amit,m
rajesh,m
ajay,m
vijay,m
komal,m
omender,m
yashwant,m
sunny,m
biran,m
virender,m
rajpal,m
vicky,m
pankaj,m
sartaj,m
shanawaz,m
vakil,m
sandeep,m
deepak,m
dharmender,m
ankit,m
dharmvir,m
monu,m
sanaullah,m
deepak,m
kuldeep,m
deepak,m
anshul,m
sanjay,m
sushil,m
nitesh,m
dhaney,m
asharam,m
raghuveer,m
vishal,m
joria,m
arif,m
raju,m
dhananjay,m
saidas,m
harishankar,m
sunil,m
neeraj,m
abdulla,m
raju,m
sukhdev,m
pramod,m
naim,m
tushar,m
prashansa,m
raju,m
suraj,m
sourav,m
sachin,m
rajkumar,m
anwar,m
birbal,m
surajpal,m
jahid,m
mohit,m
imran,m
karan,m
sonu,m
monu,m
yogender,m
sunny,m
suleman,m
dishad,m
jagdish,m
ishan,m
bijander,m
amit,m
rajendra,m
ankit,m
ankit,m
ankit,m
ankit,m
ankit,m
ankit,m
ankit,m
mahipal,m
monu,m
nadim,m
justin,m
ravinder,m
kailash,m
sonu,m
affan,m
gulashan,m
baldev,m
jasvindir,m
omveer,m
mustkeem,m
tanveer,m
satish,m
ashutosh,m
rajpal,m
kamal,m
mangal,m
mahabir,m
sanju,m
ansh,m
sachin,m
ramwatar,m
avdhesh,m
firoz,m
sanjay,m
avdesh,m
deepak,m
harbanschauhan,m
naveen,m
kaushar,m
haridutt,m
akash,m
chaman,m
jay,m
devraj,m
lasar,m
lokesh,m
sorav,m
rohit,m
jumrati,m
akhtar,m
rohit,m
salim,m
suraj,m
rakesh,m
ghanshyam,m
sanju,m
gurpreet,m
ashish,m
sidharth,m
rekha,m
jumman,m
omprakash,m
ranveer,m
amit,m
sujit,m
devender,m
nikhil,m
vikash,m
gaurav,m
garv,m
vijay,m
amit,m
aakash,m
raju,m
yoginder,m
gulshad,m
deepak,m
vishal,m
vishal,m
vishal,m
vishal,m
vishal,m
amit,m
amit,m
amit,m
amit,m
amit,m
amit,m
amit,m
amit,m
sajan,m
suresh,m
sahajad,m
daks,m
sahnaz,m
sukhram,m
pappu,m
avnish,m
neeraj,m
punit,m
bhupender,m
rahul,m
anoop,m
ankit,m
aniket,m
jitender,m
dauji,m
nanni,m
rahul,m
rahisuddin,m
amit,m
ashish,m
lakshay,m
lakshay,m
lakshay,m
lakshay,m
lakshay,m
lakshay,m
gurfaan,m
hariom,m
nadim,m
anuraj,m
sanjay,m
vicky,m
prakash,m
divy,m
tilakram,m
sarju,m
virender,m
kashiram,m
sagar,m
dinesh,m
vijay,m
vijay,m
saksham,m
ankit,m
aman,m
shanwaj,m
sonu,m
attar,m
bimlesh,m
sabeer,m
satyawan,m
arif,m
bilal,m
lokesh,m
rashid,m
zahid,m
ankit,m
ankaj,m
ghanshyam,m
pradeep,m
vikky,m
navneet,m
hariom,m
salman,m
vicky,m
virender,m
asruddin,m
deepak,m
sabi,m
kamraan,m
arvind,m
dharambir,m
ajay,m
surender,m
amkit,m
mujaffar,m
rizwan,m
makbul,m
rahul,m
balchand,m
shankarlal,m
aniket,m
sarvesh,m
mahesh,m
deepak,m
tamana,m
amit,m
amit,m
mahaveer,m
mustkim,m
suresh,m
bittu,m
sangit,m
kaluram,m
ayush,m
trlokchand,m
narender,m
abhishek,m
girdhari,m
sanjay,m
sonu,m
ramsurat,m
manoj,m
parkash,m
prakash,m
rajkumar,m
rahul,m
akhilesh,m
sahnawaz,m
manish,m
manish,m
amarjeet,m
mehak,m
sandeep,m
bharat,m
manju,m
sandeep,m
akash,m
dilip,m
arun,m
ravinder,m
sonu,m
salman,m
sanjay,m
aman,m
rajan,m
sohail,m
sujit,m
chanchal,m
mohit,m
satpal,m
mukesh,m
parveen,m
gaurav,m
shivam,m
nankesh,m
boby,m
rahul,m
hasim,m
harishchandr,m
vicky,m
sagir,m
anil,m
raj,m
sandeep,m
sonu,m
md.ansar,m
ajay,m
sanjay,m
vishnu,m
rohit,m
rajesh,m
rakkibhul,m
pankaj,m
pankaj,m
babbu,m
varun,m
arvind,m
sandeep,m
brijesh,m
rajan,m
yogender,m
ashu,m
hariom,m
gaurav,m
raju,m
sanjay,m
raju,m
maujim,m
brijesh,m
shalid,m
mahipal,m
ankit,m
ashok,m
zaheer,m
babupuri,m
bittu,m
lakhamichand,m
saizad,m
geeta,m
sunil,m
dhannu,m
vimal,m
rukhsar,m
anuj,m
nitin,m
pradeep,m
pankaj,m
praveen,m
parmood,m
sagar,m
saurabh,m
jaibir,m
pankaj,m
bobby,m
rohit,m
yusuf,m
bhupendra,m
rehan,m
raja,m
chandermani,m
aadish,m
monu,m
chottu,m
vishal,m
lakhraj,m
ankush,m
virpal,m
nanhe,m
vikash,m
aakash,m
chiranjavi,m
krishna,m
shahrukh,m
sachin,m
devender,m
jogender,m
amit,m
deepaak,m
mukesh,m
amarjeet,m
ashish,m
rajeev,m
golu,m
vinay,m
amil,m
lokendra,m
gaurav,m
mohan,m
birpal,m
vikas,m
rahul,m
kailash,m
rajan,m
mukesh,m
sanjay,m
vinit,m
roshan,m
rahul,m
deepak,m
ramesh,m
vikki,m
salman,m
sanju,m
suraj,m
pardeep,m
abdulla,m
vinod,m
rinku,m
anurag,m
ankit,m
ankush,m
nasir,m
pramod,m
jaswant,m
saurabh,m
krishan,m
akshay,m
suraj,m
gorav,m
rohit,m
paramjeet,m
noornabi,m
raju,m
kuldeep,m
chandra,m
prabhat,m
shiva,m
ravi,m
vikash,m
keshav,m
prameshwar,m
rambabu,m
pooja,m
vivek,m
bittoo,m
satyanarayan,m
anantram,m
mobarkar,m
sahid,m
ramchandr,m
tahir,m
govinda,m
jaichand,m
ganesh,m
senser,m
vikram,m
gordhan,m
aman,m
sushant,m
ankit,m
vijay,m
sumit,m
deepak,m
sanjay,m
mobin,m
sonia,m
rohit,m
sajruddin,m
karmveer,m
kunal,m
chetram,m
manish,m
niwas,m
dinesh,m
aman,m
ankush,m
pphola,m
naruram,m
rajesh,m
rajkumar,m
arif,m
keshar,m
sagar,m
rahul,m
abhishek,m
devkran,m
hariesh,m
deepak,m
mehinder,m
prabhakar,m
kartik,m
kamal,m
anil,m
shailesh,m
shivam,m
vipin,m
dalchand,m
manoj,m
pukharam,m
rajkumar,m
yogender,m
kundan,m
anish,m
deepak,m
ravinder,m
jogender,m
faisal,m
sujal,m
virender,m
dinesh,m
pappu,m
monu,m
sushil,m
sandeep,m
mayank,m
somnath,m
jeevan,m
sunny,m
mayank,m
deepak,m
shivam,m
moin,m
kundan,m
deepak,m
manash,m
waseem,m
babloo,m
naresh,m
jasveer,m
papp,m
parmeshwar,m
manish,m
bijender,m
shahnabaz,m
ankit,m
aarif,m
suraj,m
akram,m
nadim,m
jagdish,m
rakhi,m
rishipal,m
sukhpal,m
rakesh,m
chaman,m
neeraj,m
kapil,m
mahaveer,m
tarun,m
dharamvir,m
sahil,m
naresh,m
imran,m
ajay,m
robin,m
shankar,m
dilip,m
gauravgil,m
rakesh,m
sagar,m
vikki,m
gaurav,m
pawan,m
rakesh,m
umar,m
govind,m
ankit,m
liyakat,m
rajesh,m
vikash,m
neeraj,m
som,m
nijamuddin,m
nijamuddin,m
ikrar,m
amit,m
durvesh,m
ibarhim,m
balvinder,m
deepansu,m
surajbhan,m
indervesh,m
deepak,m
lalit,m
yogesh,m
jitendr,m
sofali,m
subhash,m
subhash,m
sanjay,m
abhishak,m
taufik,m
sukumar,m
rahul,m
shekhar,m
durgashankar,m
aidtya,m
ali,m
hasan,m
sarfraj,m
sarafat,m
golu,m
sahid,m
mukul,m
himanshu,m
pintu,m
karanveer,m
yash,m
virender,m
adil,m
himanshu,m
pawan,m
mehtab,m
vinay,m
mahesh,m
parkash,m
kewal,m
akshay,m
handu,m
raju,m
shivcharan,m
dhramveer,m
tohir,m
sadiq,m
karan,m
sumit,m
saurabh,m
vijay,m
kanishakraj,m
ravidutt,m
pawan,m
vikrant,m
satyam,m
amar,m
mhosin,m
ramnihor,m
rahul,m
mukesh,m
govinda,m
arun,m
mukesh,m
deepak,m
shabbir,m
madan,m
kishan,m
wasim,m
mayank,m
pankaj,m
vijay,m
sunny,m
aslam,m
hament,m
ashwani,m
aman,m
ravi,m
hariom,m
imtyaz,m
devendr,m
laxman,m
davinder,m
bijender,m
ganesh,m
vinit,m
kailash,m
harikishan,m
rohtash,m
deepak,m
bharat,m
ravinath,m
manoj,m
dharmendr,m
rajpal,m
deepak,m
prakash,m
prince,m
jalaluddin,m
manjesh,m
dharamveer,m
parveen,m
sourabh,m
shakar,m
surendr,m
shakar,m
ranbir,m
ajay,m
manav,m
yogesh,m
farman,m
avinash,m
avnish,m
vijay,m
chote,m
prince,m
rajender,m
jahid,m
dakch,m
ravi,m
vijay,m
sulender,m
rameshwar,m
ekram,m
kartik,m
lokesh,m
sadik,m
saleem,m
vishu,m
nathuram,m
dheeraj,m
chandan,m
ovaish,m
saroj,m
sunny,m
jalmi,m
sonu,m
bhanu,m
rizwan,m
anand,m
sidharth,m
deepanshu,m
vinod,m
rajesh,m
jaidev,m
tarun,m
sandeep,m
firoz,m
najim,m
jisan,m
gaurav,m
nirmal,m
anshul,m
tarun,m
tarun,m
monu,m
furkan,m
jitender,m
sahil,m
bannu,m
sonu,m
sukhdev,m
satish,m
akash,m
arjun,m
devasheeh,m
krishna,m
abhay,m
manoj,m
piyush,m
rajesh,m
dinesh,m
imamuddin,m
deepak,m
mukaram,m
rampal,m
tofik,m
shiva,m
vikash,m
ravi,m
mohit,m
rupesh,m
santosh,m
sushil,m
kapil,m
rohit,m
sadab(khura),m
rajkumar,m
salman,m
abhishek,m
atul,m
atul,m
atul,m
ajay,m
dheeraj,m
banwari,m
radhesayam,m
rashid,m
manish,m
shiva,m
karan,m
umakant,m
raju,m
prami,m
nitish,m
jaanu,m
abhay,m
robin,m
karan,m
mahaveer,m
hiramani,m
taleem,m
ankush,m
aftab,m
swarn,m
ankit,m
lala,m
deepak,m
brijesh,m
suraj,m
mohit,m
rijvan,m
rohit,m
vijay,m
dhrampal,m
rahul,m
sunil,m
harsh,m
ramchandra,m
pawan,m
rajkumar,m
mahesh,m
kalu,m
vikas,m
girraj,m
rajkumar,m
jitender,m
bhrkat,m
rajbir,m
dheeraj,m
imran,m
anil,m
kundan,m
chamanlal,m
ashok,m
vicky,m
rampal,m
ramesh,m
dinesh,m
aditi,m
vicky,m
yashpal,m
naresh,m
rakesh,m
adisan,m
adisan,m
raman,m
santosh,m
mukesh,m
rajesh,m
suraj,m
nishant,m
kamil,m
aamin,m
rohthash,m
bhagirath,m
firasat,m
dharmender,m
mukesh,m
amit,m
vilram,m
vishal,m
mukesh,m
gunanidhi,m
raju,m
rajesh,m
sakil,m
krish,m
kanhaiyalal,m
ashok,m
santosh,m
neeraj,m
ramesh,m
rohit,m
ankit,m
deepak,m
harshit,m
bijender,m
rajesh,m
sandeep,m
dabu,m
imran,m
sajid,m
aasim,m
faran,m
aman,m
sahdev,m
anil,m
ravi,m
mukhtiyar,m
chand,m
sahid,m
sadik,m
yogesh,m
sikender,m
sagar,m
rohit,m
niraj,m
ranjeet,m
dharampal,m
ishwar,m
sanni,m
sanni,m
sohail,m
iqbal,m
reena,m
bheema,m
satyam,m
jaffar,m
sultan,m
dharmender,m
nikhil,m
nikhil,m
basanta,m
manish,m
kanhaiya,m
pankaj,m
avfesh,m
mahender,m
raj,m
rajendra,m
vikramjeet,m
rohit,m
kajamuddih,m
anshu,m
pawan,m
satish,m
shriram,m
shivam,m
ashok,m
monu,m
jitender,m
vishal,m
jitender,m
manohar,m
umesh,m
deepu,m
saksham,m
vansh,m
omperkash,m
raju,m
nagender,m
sameer,m
mansharam,m
satish,m
monu,m
satish,m
monu,m
mohit,m
shivam,m
shivam,m
manish,m
riyajudhin,m
sachin,m
basant,m
ramlal,m
abhishek,m
sonu,m
satish,m
ajaypal,m
monish,m
umar,m
umar,m
ankit,m
subhodh,m
deepak,m
navdeep,m
mobin,m
sagar,m
ishatkar,m
malchand,m
malchand,m
manoj,m
dalip,m
sabbir,m
sonu,m
sandeep,m
ashwani,m
sumit,m
sagir,m
suraj,m
jankidas,m
mahesh,m
santram,m
rohit,m
rohit,m
vikas,m
dalchand,m
tarun,m
mukul,m
deepak,m
bhupender,m
shekhar,m
dev,m
pankaj,m
suraj,m
najim,m
najim,m
faisal,m
sachin,m
nazim,m
saidul,m
ravinder,m
aman,m
sadhna,m
najis,m
heeralal,m
ravi,m
sachin,m
kalpadma,m
amit,m
chand,m
amit,m
naresh,m
shikha,m
mohan,m
hiralal,m
suresh,m
guddu,m
adil,m
deepak,m
virender,m
nikhil,m
shadik,m
warish,m
faisal,m
shahabuddin,m
wiresh,m
jaiprkesh,m
manjit,m
monu,m
amit,m
ajay,m
ankit,m
suraj,m
rahul,m
vikash,m
satyaprakash,m
ashraf,m
gafur,m
gafur,m
gafur,m
rahul,m
shivam,m
gagan,m
sabir,m
robin,m
dinesh,m
dinesh,m
vicky,m
vicky,m
mukesh,m
sandeep,m
rajkumar,m
radheshyam,m
zanmi,m
umar,m
anil,m
yashwant,m
gaurav,m
veerpal,m
raju,m
rahul,m
nitin,m
sukhbir,m
sunil,m
raju,m
tinku,m
vicky,m
vicky,m
pawan,m
harmani,m
ajit,m
naresh,m
satish,m
najimuddin,m
satish,m
vicky,m
anil,m
aman,m
alaudin,m
abhishek,m
jitender,m
raja,m
jakir,m
hitesh,m
bhushan,m
chirag,m
piyush,m
vinod,m
irfan,m
praveen,m
shekhar,m
sateesh,m
naveen,m
somesh,m
mahfooz,m
p.kamesh,m
hemraj,m
jaspal,m
raju,m
dilsad,m
raju,m
pintu,m
subodh,m
wasimuddin,m
rajesh,m
jedu,m
vishal,m
yogender,m
anand,m
prakash,m
birju,m
devender,m
rajan,m
suraj,m
sonu,m
rajesh,m
aakash,m
ramphal,m
raju,m
sunil,m
naveen,m
ankur,m
nazim,m
govind,m
rohtash,m
boduram,m
vijay,m
virender,m
dharmender,m
ramchander,m
rakesh,m
manoj,m
basant,m
pawan,m
rahish,m
salim,m
nitesh,m
rukshan,m
ajay,m
sudarshan,m
rajesh,m
rajesh,m
kapil,m
kapil,m
vikas,m
vijay,m
sishpal,m
shambhu,m
rashid,m
banshi,m
teekam,m
girraj,m
sanjeev,m
surendar,m
dharambir,m
gaurav,m
satish,m
dhirender,m
munnu,m
narendera,m
naresh,m
ramkish,m
ashish,m
satyam,m
parmod,m
rahim,m
bobbi,m
navjoot,m
siddharth,m
chetram,m
jagdish,m
mustafa,m
sarjeet,m
abdul,m
vicky,m
sahid,m
sanjay,m
babuddin,m
sudhir,m
amit,m
bhuneshwar,m
rahul,m
lokender,m
sartaj,m
dhramender,m
bhagipuri,m
rinku,m
tulsiram,m
ahmad,m
virender,m
rishaw,m
farjand,m
shankar,m
sagar,m
bitto,m
sonu,m
sujata,m
arun,m
sajid,m
banwarilal,m
rasab,m
ajay,m
shelesh,m
siraj,m
bisto,m
lokesh,m
sanpat,m
khalid,m
sandee[,m
vipin,m
sunil,m
nagender,m
boby,m
krishan,m
sachin,m
sarik,m
deshraj,m
kamlesh,m
vishal,m
aamir,m
jaipal,m
tanveer,m
ajay,m
ajay,m
sunil,m
aryan,m
salim,m
nasim,m
nadir,m
sanjeev,m
saddam,m
vijendar,m
bhojaram,m
nitesh,m
govind,m
rajkumar,m
nishant,m
rohit,m
rajesh,m
amit,m
prahlad,m
harender,m
priti,m
sandeep,m
gaurav,m
sehnawaj,m
kamaldeep,m
jahgeer,m
vijay,m
nishant,m
vivek,m
matadeen,m
lali,m
ravindr,m
surendra,m
tinku,m
jisaan,m
mukesh,m
hansraj,m
amrit,m
arman,m
bilal,m
suraj,m
pushpendr,m
chettan,m
shubham,m
katwa,m
monu,m
anash,m
yogendr,m
riyajudin,m
raju,m
himanshu,m
rajeev,m
firoj,m
deepak,m
aftab,m
akash,m
ajay,m
parbhudayal,m
ashu,m
sandeep,m
durganand,m
wasim,m
ravinder,m
wasim,m
satish,m
mohit,m
yeshpal,m
sunil,m
ravi,m
rehaan,m
ashok,m
parveen,m
yash,m
rahul,m
jabir,m
sajju,m
pappu,m
golu,m
sachin,m
ankit,m
bhopal,m
yogendra,m
rajend,m
parveen,m
subham,m
neeraj,m
anish,m
banty,m
sohail,m
suraj,m
deepak,m
virender,m
bijender,m
subodh,m
pawan,m
chotan,m
deepak,m
deepak,m
omi,m
ramesh,m
devraj,m
nankesh,m
salman,m
jitender,m
rajna,m
dinesh,m
naulakh,m
faimuddin,m
rahim,m
ashu,m
hardeep,m
inkoo,m
मुकेश,m
dhirender,m
ramvir,m
mannulal,m
ravi,m
vikash,m
manish,m
samon,m
roopsingh,m
dilawar,m
paras,m
laxman,m
vinay,m
parvez,m
gorav,m
revndrshing,m
sufian,m
arman,m
rohit,m
rohit,m
tanmay,m
sakcham,m
surendar,m
ghanshyam,m
rakesh,m
pradep,m
dhananjai,m
parvej,m
hemant,m
tejpal,m
anil,m
chote,m
paratibha,m
surgyan,m
suresh,m
shankar,m
santosh,m
inkoo,m
aajiv,m
asrf,m
sonu,m
shahnawaz,m
salim,m
sudhir,m
anuj,m
ravi,m
subodh,m
vikrant,m
rantesh,m
punit,m
sudhir,m
saad,m
arvind,m
sandeep,m
sandeep,m
harish,m
rajender,m
arun,m
aarif,m
pawan,m
sukhram,m
vivek,m
deepak,m
deepak,m
waseem,m
boby,m
javid,m
anurag,m
ranjeet,m
hashim,m
adarsh,m
krishna,m
krishna,m
vicky,m
पंकज,m
pawan,m
faim,m
sajid,m
shahid,m
rahul,m
ramchander,m
sakib,m
mukesh,m
hansraj,m
jagdish,m
rajkumar,m
usmaan,m
sagar,m
sohanpal,m
rajan,m
narender,m
pankaj,m
deepak,m
rishu,m
rohit,m
mohit,m
vikrant,m
mahendra,m
jasiram,m
amit,m
arjun,m
deepak,m
rakesh,m
sunny,m
nepal,m
gopesh,m
pavnesh,m
rizwan,m
sachin,m
narender,m
mantosh,m
chitu,m
gordhanlal,m
sangeeta,m
jitu,m
jyoti,m
chandu,m
suraj,m
brijshwaer,m
atul,m
deepak,m
abhishek,m
deepak,m
pintu,m
dhermendra,m
deepak,m
bijender,m
narender,m
madan,m
vijay,m
shahwaj,m
joginder,m
vinod,m
vedprakash,m
ajeem,m
ranjan,m
mohd.afzal,m
krishan,m
himanshu,m
vickky,m
raju,m
manoish,m
jite,m
yash,m
binani,m
mannu,m
vinod,m
lokesh,m
vishal,m
virender,m
sitaram,m
narender,m
karan,m
sahun,m
sakir,m
krishan,m
pardeep,m
shadab,m
veeru,m
rajdut,m
rajesh,m
shripal,m
vinay,m
kailash,m
harsh,m
lakhan,m
rajan,m
roji,m
jwala,m
sagar,m
anuj,m
kamlesh,m
afshar,m
rahul,m
tripurari,m
imran,m
prashant,m
giriraj,m
sanjay,m
vinit,m
balram,m
sunil,m
beeram,m
rajesh,m
santram,m
naveen,m
vimal,m
ajay,m
khemchand,m
manoj,m
ajeet,m
kamruddin,m
sandeep,m
danish,m
kundin,m
rajvir,m
iqbal,m
mastan,m
manish,m
hajrat,m
madho,m
vivek,m
vikky,m
sudhir,m
shoukat,m
rajkiran,m
sahjad,m
sandip,m
kashiv,m
chandu,m
sunaina,m
dinesh,m
mahendra,m
mahesh,m
shabir,m
amarjit,m
pramod,m
balram,m
sanjeev,m
nandita,m
ravikant,m
raju,m
fahim,m
salmaan,m
rakesh,m
deepak,m
daaud,m
majunew,m
rohan,m
vishnu,m
dushyant,m
kuldeep,m
kirshanpal,m
ankit,m
manish,m
jaideep,m
vishanu,m
monu,m
nitin,m
farman,m
javed,m
कालूराम,m
prabhudayal,m
raju,m
munni,m
रामकिशो&,m
ajit,m
aslam,m
shankar,m
anurudh,m
santosh,m
lokesh,m
vakil,m
basanta,m
baam,m
sameer,m
manoj,m
salim,m
mohit,m
gurlal,m
ghansyam,m
sumit,m
subhan,m
ahmad,m
ahmad,m
afzal,m
kartik,m
virnit,m
etahsaam,m
vishal,m
rohit,m
rahul,m
salim,m
rizwan,m
aditya,m
anand,m
dharmendera,m
anwar,m
amarjeet,m
ajay,m
sumit,m
aayush,m
rajeev,m
neeraj,m
santosh,m
gurcharan,m
ajay,m
neeraj,m
rajesh,m
arun,m
baam,m
mohardi,m
shankar,m
sispal,m
furkan,m
anil,m
ansul,m
girdhari,m
meharuddin,m
abhishek,m
gaurav,m
mohit,m
manoj,m
gulshan,m
gulshan,m
kalusingh,m
rahul,m
lalu,m
deepak,m
sadab,m
islamudin,m
surjeet,m
dalip,m
sonam,m
sandeep,m
jaipal,m
iqubal,m
ramesh,m
zishan,m
sumit,m
aswin,m
naresh,m
omprakash,m
rohit,m
munna,m
dharambir,m
haseem,m
nitesh,m
babli,m
vikash,m
arvind,m
vikash,m
gurpreet,m
lokesh,m
irshad,m
sanjay,m
satish,m
parmod,m
amrika,m
jagdish,m
shyam,m
omprakash,m
varun,m
satyam,m
lakshay,m
anuj,m
ajay,m
deepak,m
sahajaha,m
sunny,m
nasim,m
pappu,m
balram,m
taslim,m
suresh,m
jyoti,m
atul,m
amit,m
harpal,m
wasim,m
parkash,m
rajender,m
abhishek,m
rudmal,m
vinod,m
deepak,m
irfan,m
mannu,m
suraj,m
cheete,m
pradeep,m
janmesh,m
lakki,m
jaibir,m
surajbhan,m
rajpal,m
govind,m
beenu,m
rajendra,m
tanish,m
rahul,m
ratiman,m
tanish,m
raju,m
om,m
akash,m
harish,m
shanvaj,m
sinder,m
imran,m
nishant,m
sumoranjam,m
pradeep,m
davender,m
chotu,m
brijesh,m
sajan,m
aman,m
shubham,m
arshad,m
devdhari,m
goruav,m
sumit,m
latoor,m
saroz,m
saurav,m
narendra,m
kanhiya,m
suresh,m
nausad,m
khusaboo,m
salinder,m
sagar,m
samad,m
kirshna,m
ombeer,m
gaurav,m
ganpat,m
balbeer,m
sandeep,m
hemant,m
kapil,m
jahid,m
vikas,m
khamchand,m
bhulaee,m
mihir,m
mayank,m
sudhansu,m
lllllllllllllllllll,m
sahil,m
kishan,m
sudhansu,m
kartik,m
sri-dwrikaprasad,m
rahul,m
mintu,m
seti,m
kanhiya,m
arvind,m
subhash,m
aftab,m
sonu,m
sonu,m
rakesh,m
sunder,m
santosh,m
mogli,m
pankaj,m
manoj,m
ibrahim,m
bhola,m
sumit,m
sunil,m
danish,m
velaram,m
sahil,m
santi,m
haneef,m
kumar,m
ramakant,m
naitik,m
neeraj,m
inderjit,m
himanshu,m
rambrij,m
satpal,m
raja,m
saruf,m
hakimuddin,m
riyasat,m
jasvant,m
shiva,m
kumail,m
rajesh,m
sagar,m
tameezuddin,m
rahul,m
raju,m
dimpal,m
chetan,m
kailash,m
puranmal,m
pawan,m
subash,m
prakash,m
krishan,m
vikash,m
deepak,m
sanjay,m
shivam,m
bharat,m
nizam,m
komal,m
ramesh,m
kuldeep,m
ashwini,m
deepchand,m
tashnim,m
bharat,m
manish,m
sudhdev,m
kamal,m
vikky,m
mangeram,m
tanvir,m
atul,m
naushad,m
manoj,m
mandeep,m
chootu,m
nawed,m
dhirender,m
dilshad,m
perdeep,m
sachin,m
hanif,m
sorabh,m
neeraj,m
manoj,m
sachin,m
nitin,m
mohit,m
anshu,m
inderpal,m
hanumanram,m
radheshyam,m
radheshyam,m
shahjad,m
asif,m
razi,m
visham,m
aakash,m
rohit,m
devpal,m
dalchand,m
ravinder,m
pooja,m
roshan,m
srikant,m
ishu,m
deepak,m
ramkumar,m
rajeev,m
dhurpati,m
deepak,m
aakash,m
ankit,m
sunil,m
surender,m
rajender,m
aman,m
vanshu,m
prahlad,m
vinay,m
satish,m
rajkumar,m
subhash,m
ritesh,m
ritesh,m
sunny,m
ramesh,m
kamlesh,m
bhagwanaram,m
brijpal,m
rajkumar,m
gorav,m
amarnath,m
ashif,m
jawed,m
dhanpat,m
tarun,m
mukesh,m
shailender,m
himanshu,m
vikram,m
yamin,m
rohit,m
deepak,m
vijay,m
aagand,m
kishan,m
sehin,m
ravi,m
raja,m
mohit,m
ishu,m
shushil,m
rajiv,m
begraj,m
sarik,m
gomti,m
sameer,m
brijesh,m
vikas,m
sunny,m
gajraj,m
archna,m
barjesh,m
vasim,m
mithelash,m
rahul,m
sumit,m
shivam,m
saroj,m
mahesh,m
reena,m
dhanjay,m
vikash,m
mangilal,m
amir,m
deepak,m
parmanand,m
arvind,m
jatin,m
rajkumar,m
raja,m
salman,m
durjan,m
golu,m
sandeep,m
gaurav,m
vinay,m
vinay,m
jeetu,m
suraj,m
sonu,m
kurban,m
omprakash,m
deepak,m
tavraj,m
manish,m
surajbhan,m
raju,m
ranjeet,m
na,m
kuldeep,m
jagdambika,m
banty,m
rakesh,m
sandeep,m
raju,m
rajesh,m
hansraj,m
sahil,m
sourabh,m
sanjay,m
sanjay,m
rampal,m
balram,m
kalpesh,m
abhishek,m
bharat,m
jitender,m
vinay,m
rajesh,m
bunty,m
rahul,m
imaman,m
kaptan,m
sachin,m
akash,m
vijay,m
anikesh,m
nazirul,m
joni,m
sidheswar,m
lokesh,m
nischaya,m
deepak,m
ankit,m
samir,m
ramphal,m
atul,m
mazhar,m
sanjay,m
manish,m
virender,m
halke,m
methun,m
mangeshwar,m
suraj,m
ranjeet,m
vikram,m
monu,m
mahender,m
aru,m
aru,m
rameshwar,m
ikramudeen,m
subhas,m
pardeep,m
muskuran,m
sadip,m
karan,m
rohit,m
sudhir,m
devesh,m
rohan,m
deepanshu,m
sunil,m
deepu,m
manish,m
ramkishan,m
manjit,m
ramkiashan,m
sankarlal,m
aabid,m
abhisek,m
akib,m
shibu,m
tinku,m
rohit,m
prsant,m
vinod,m
satya,m
chorag,m
poonam,m
sunil,m
anil,m
sukkhu,m
rohit,m
radhamohan,m
ajay,m
sanjay,m
manoj,m
kumresh,m
monu,m
kuldeep,m
mahesh,m
firoz,m
harender,m
rajkumar,m
karim,m
deepak,m
pawan,m
nadeem,m
anand,m
satpal,m
sandeep,m
ibrahim,m
bhupender,m
waseem,m
adarsh,m
tejpal,m
manoj,m
manoj,m
mona,m
prince,m
shailash,m
amit,m
mukesh,m
mamta,m
kuldeep,m
ayush,m
aakash,m
ravinder,m
naved,m
arun,m
amit,m
ankit,m
suraj,m
kamlesh,m
vicky,m
pankaj,m
nabijan,m
rahul,m
dinesh,m
nikhil,m
karan,m
veer,m
rajkumar,m
milan,m
arun,m
harish,m
rohit,m
ravinder,m
rinku,m
suresh,m
chetna,m
santosh,m
vikas,m
devanand,m
rajesh,m
riyajuddin,m
ajeet,m
salim,m
kaushal,m
vijay,m
subhash,m
harshdeep,m
nitish,m
gandhi,m
ajim,m
raju,m
amit,m
rihan,m
rohit,m
dharmender,m
bhikhari,m
matadeen,m
sukhbir,m
manoj,m
ramjeet,m
dharmender,m
suman,m
nitin,m
bintu,m
monu,m
hayatul,m
santrm,m
birju,m
monu,m
saurabh,m
mahavir,m
shahnwaj,m
lakhan,m
nrendr,m
ahupendra,m
vikrant,m
kuldeep,m
dharmveer,m
pintu,m
deepak,m
rohit,m
deepak,m
mehboob,m
saddham,m
youraj,m
puspendar,m
rahul,m
puneet,m
ajay,m
ravinder,m
rahul,m
babulal,m
anash,m
mukesh,m
kirshan,m
shahnawaz,m
kanok,m
aakash,m
surender,m
bijender,m
sahna,m
kanok,m
ayube,m
ashok,m
arsad,m
ghanshyam,m
balam,m
rajeshvr,m
sandeep,m
shahvaj,m
nathulal,m
vikki,m
shivraj,m
sonu,m
madan,m
madan,m
shubhm,m
lalu,m
sonu,m
mohit,m
kishor,m
surender,m
kirtiman,m
dikshant,m
deepak,m
shokat,m
sorbh,m
narendar,m
pujja,m
amarchand,m
aashish,m
narender,m
lakhi,m
samir,m
jogender,m
omesh,m
suresh,m
sarita,m
sameer,m
sharib,m
tafsir,m
deepak,m
arun,m
anita,m
sandeep,m
karan,m
lakhan,m
gaurav,m
harvans,m
mangal,m
imtiyaz,m
rajesh,m
bahadur,m
kapil,m
dev,m
rahul,m
dalip,m
rishabh,m
rishiraj,m
arun,m
natthu,m
khubchand,m
tinku,m
rahul,m
sanjeet,m
anubhav,m
suraj,m
ashish,m
sashi,m
mithlesh,m
aansu,m
jitender,m
ganesh,m
mukhtar,m
nasim,m
deepak,m
sahil,m
gyandeep,m
faizal,m
faizal,m
omparsad,m
sarvesh,m
mahfooj,m
satyanarayan,m
janta,m
neeraj,m
gaurav,m
sitaram,m
naveen,m
ajay,m
nitesh,m
sandeep,m
aftab,m
mahfooz,m
satyam,m
jalsingh,m
mukesh,m
amjad,m
khushnaseeb,m
goverdhan,m
raja,m
deepak,m
mudasar,m
varsha,m
suraj,m
jaswant,m
akash,m
md.tosheeb,m
sameer,m
vikas,m
vikas,m
nadhim,m
kamlesh,m
ibraheem,m
ashiqu,m
parmod,m
rohit,m
sandeep,m
akash,m
abhishek,m
faran,m
jitender,m
rizwan,m
tafsir,m
satender,m
mukesh,m
rajesh,m
asfak,m
sumit,m
chandan,m
abhishek,m
monu,m
ajay,m
givinda,m
sunny,m
rajesh,m
veerbhan,m
anil,m
allauddin,m
vinaysingh,m
anwar,m
anwar,m
nadeem,m
najrin,m
gorav,m
rahul,m
aman,m
bhuri,m
mahadev,m
naresh,m
naeem,m
sahil,m
partap,m
ashu,m
rohit,m
himal,m
anish,m
rajeev,m
preeti,m
vishal,m
maryam,m
sompal,m
dheeraj,m
raju,m
rahul,m
sangeeta,m
gorav,m
firoj,m
chandan,m
subhash,m
dharmender,m
parmod,m
mayank,m
ravi,m
kishan,m
gyanwati,m
aarti,m
aamir,m
ajay,m
razim,m
manoj,m
saket,m
rahul,m
sandeep,m
nanhey,m
mayank,m
mousin,m
pankaj,m
naresh,m
vishnu,m
vishu,m
pardeep,m
aakash,m
ashif,m
arif,m
sanjeet,m
rajuddin,m
ankit,m
lokesh,m
hashrat,m
firoz,m
pallu,m
sanjay,m
rohit,m
patav,m
chand,m
pradeep,m
saleem,m
meenu,m
sukhdev,m
ramveer,m
amir,m
md.badrealam,m
satish,m
vishanu,m
unknown,m
param,m
ravinder,m
bhikhari,m
rahul,m
sunil,m
shamshad,m
sunny,m
farman,m
tarun,m
subham,m
usman,m
hakimuddin,m
santosh,m
atul,m
susant,m
sunil,m
lalit,m
nikhil,m
raman,m
dharmraj,m
hardas,m
hardass,m
devendra,m
anjum,m
israil,m
kalu,m
dinesh,m
chetan,m
vaibahv,m
ajay,m
govind,m
vikas,m
risiraj,m
manjeet,m
parveen,m
mohit,m
shivam,m
mahender,m
sanjay,m
gaurav,m
dayaram,m
virender,m
vimal,m
raju,m
ankit,m
ramchander,m
vikki,m
sanjay,m
rajeev,m
goverdhan,m
lukman,m
govind,m
bhudhashen,m
sardeep,m
brijesh,m
nirmal,m
gourav,m
netram,m
monti,m
deepak,m
hariom,m
moh.javed,m
raju,m
akshay,m
shekhar,m
perkash,m
laxman,m
akram,m
satyender,m
subhash,m
vinod,m
pardeep,m
mumtaj,m
suhail,m
gahnshyam,m
kuldeep,m
salaman,m
chunnu,m
rinku,m
mohini,m
allaraji,m
roshan,m
parveen,m
rajender,m
arun,m
jainab,m
vikas,m
kudeep,m
tilakram,m
arsad,m
dayaram,m
rohit,m
krishna,m
megharam,m
narender,m
dhiraj,m
rahul,m
rajibul,m
rijwan,m
mukesh,m
jahid,m
sanjay,m
kalu,m
arif,m
ramkhilawan,m
meena,m
dhrampla,m
ankit,m
chandru,m
amit,m
sunil,m
ravi,m
lallu,m
sonu,m
jeete,m
saurabh,m
deepak,m
umashanker,m
aamin,m
abhishek,m
vicky,m
chandru,m
vicky,m
pappu,m
amit,m
rohit,m
sudhir,m
rahul,m
praveen,m
aamir,m
aamir,m
vasim,m
madanlal,m
raju,m
ajay,m
sahil,m
abhinay,m
sanjeev,m
nidhi,m
himansu,m
abhishek,m
mohit,m
siraj,m
jagdish,m
pawan,m
santosh,m
raju,m
hemant,m
nagaji,m
rahul,m
abhaysingh,m
kalla,m
deepak,m
pooja,m
rinku,m
dinesh,m
viney,m
amit,m
shahid,m
bhotra,m
rahul,m
vicky,m
aslam,m
ajay,m
sahbuddin,m
vijay,m
shaulal,m
vijay,m
dinesh,m
mahesh,m
gaurav,m
shakir,m
akeel,m
raja,m
vishnu,m
sameer,m
pawan,m
satish,m
manoj,m
sandeep,m
nasrul,m
bijender,m
aditya,m
bhalaram,m
ritesh,m
rekha,m
sachin,m
sonam,m
rampaal,m
surendra,m
praveen,m
saurab,m
nitin,m
sagar,m
ashwani,m
dilshad,m
rahul,m
saif,m
veerander,m
virender,m
ankit,m
gopal,m
abhishek,m
sablu,m
parashram,m
himanshu,m
deepak,m
sonu,m
furkhan,m
tinku,m
amar,m
mayank,m
rahul,m
abhishek,m
satish,m
ramu,m
gautam,m
sedarath,m
virender,m
shanu,m
vijay,m
pawan,m
jittender,m
sunil,m
deepak,m
ajay,m
kamal,m
naim,m
dinesh,m
rishi,m
ravi,m
anil,m
manish,m
omparkash,m
ranjeet,m
sushil,m
abdulla,m
sonu,m
sitare,m
monu,m
imran,m
gaurav,m
viccky,m
harish,m
dinesh,m
danish,m
sanjay,m
mokida,m
rinku,m
poonam,m
noori,m
ramdin,m
roshan,m
deepak,m
raghbir,m
raghbir,m
sandeep,m
vijay,m
ramkumar,m
yogesh,m
parveen,m
pravesh,m
ramkumar,m
heeralal,m
bablu,m
udit,m
ashu,m
shivram,m
manish,m
laxmanram,m
ritik,m
jamshed,m
sunil,m
viresh,m
dharmender,m
umardaraz,m
shamshudin,m
subhash,m
ravi,m
abhishek,m
nathuram,m
prakash,m
gudiya,m
abhishek,m
anil,m
vikram,m
shahboob,m
ajay,m
hanuman,m
amir,m
shaboob,m
gurubaksh,m
shani,m
ankit,m
arvind,m
subhash,m
suraj,m
sonu,m
deepu,m
rocky,m
pankaj,m
mohd.mujefir,m
sahil,m
yogesh,m
vishal,m
faisal,m
sandeep,m
harish,m
yudhbir,m
gaurav,m
jagan,m
vaibhav,m
sanjay,m
ravi,m
mahkar,m
naimuddin,m
ramveer,m
dharampal,m
jaisigh,m
shahir,m
ashish,m
subesh,m
brijesh,m
vazid,m
mohit,m
brijesh,m
pappu,m
rajiv,m
ajit,m
parven,m
madhu,m
kundan,m
naveen,m
akash,m
sudhir,m
deepak,m
arjun,m
girdhari,m
mohanram,m
shamshad,m
sachin,m
kasim,m
jeesan,m
rajesh,m
shahbaz,m
mahender,m
wasim,m
sachin,m
vasim,m
dalchand,m
bilal,m
nitin,m
rajender,m
balwant,m
kamil,m
pushkar,m
dhreej,m
sanju,m
himanshu,m
montu,m
lokesh,m
jagmohan,m
babu,m
raja,m
surender,m
kaleem,m
vicky,m
manish,m
amit,m
hisamuddin,m
rajiv,m
rambir,m
ganpatram,m
devanand,m
istyak,m
saieman,m
ramdev,m
ravi,m
anantram,m
dilshad,m
neeraj,m
pannalal,m
sunil,m
sanju,m
nadim,m
rijwan,m
budhan,m
rohil,m
anand,m
sameer,m
jamil,m
ramjeet,m
kailash,m
chitra,m
arun,m
ramlal,m
sadab,m
abhishek,m
waseem,m
yusaf,m
khusbu,m
neeraj,m
surjit,m
hariom,m
satyam,m
subham,m
naseem,m
akbar,m
ujjair,m
naushad,m
pawan,m
akash,m
zuveb,m
krishan,m
rasul,m
sahil,m
vicky,m
ramavtar,m
mohit,m
sohil,m
azad,m
arman,m
ashish,m
pramod,m
dalip,m
vishal,m
pooja,m
mohanlal,m
nitesh,m
subham,m
inderpal,m
nikita,m
sandeep,m
tohseeem,m
kasim,m
parmod,m
yograj,m
vansh,m
deepak,m
amarjeet,m
tajinder,m
sarves,m
rookmani,m
nitesh,m
kapil,m
ashok,m
chandan,m
monu,m
akash,m
kamlesh,m
sonu,m
muslim,m
manphool,m
shanker,m
umardeen,m
kapil,m
arti,m
sanjeev,m
santosh,m
mukesh,m
balbir,m
pravendra,m
kuldeep,m
omprakash,m
kartik,m
parvinder,m
munna,m
prahlad,m
amardeep,m
satyanarayan,m
sokat,m
gugna,m
dabbu,m
sajjan,m
ashu,m
gulfan,m
satpal,m
sonu,m
vishesh,m
sundar,m
radhyshyam,m
deepali,m
raju,m
dharmpal,m
sanju,m
mahasingh,m
harikishan,m
abid,m
lalit,m
manjit,m
sanjay,m
mahkar,m
rajesh,m
niraj,m
kapil,m
nosad,m
karmbir,m
nishal,m
vishal,m
pooja,m
gorav,m
babram,m
sarfaraj,m
satveer,m
monu,m
hanny,m
ashok,m
babulal,m
raju,m
pawan,m
ramsawroop,m
bindu,m
ravinder,m
himansu,m
akash,m
ankit,m
manoj,m
badrulla,m
mohan,m
vinay,m
satish,m
kartik,m
rambhul,m
rakesh,m
deepak,m
vikash,m
hani,m
hani,m
mangta,m
anil,m
neeshu,m
inderjeet,m
ravi,m
ramesh,m
kushal,m
chand,m
ramesh,m
kaishav,m
sanjay,m
imran,m
satender,m
vaseem,m
tulsiram,m
ankit,m
piuesh,m
prdeep,m
wiliyam,m
amrit,m
anuj,m
nikhil,m
samsudin,m
kalicharan,m
ramesh,m
surajbhan,m
vasim,m
gopal,m
dharmender,m
rohit,m
tushar,m
sachin,m
virender,m
guddu,m
rahul,m
gautam,m
mahraj,m
rajkumar,m
amandeep,m
deepu,m
chinu,m
dhanraj,m
akash,m
sonu,m
jayshing,m
pavnesh,m
suraj,m
radheshyam,m
satrudan,m
arjun,m
sagar,m
lalit,m
jaswant,m
gorav,m
dharamender,m
ramdas,m
shivam,m
nijam,m
sohanlal,m
vitan,m
rahul,m
shakil,m
arjun,m
nawab,m
rahul,m
shahid,m
harshit,m
devendra,m
jaswant,m
annu,m
vishal,m
prakash,m
nandram,m
sanjay,m
raju,m
nitesh,m
juhi,m
mahavir,m
sunil,m
aman,m
prince,m
jhaban,m
devender,m
chhinderpal,m
bishan,m
deepak,m
jaijairam,m
nitin,m
ramnath,m
dhannu,m
firoj,m
aslam,m
laliya,m
sanjay,m
nadeem,m
aftab,m
gopal,m
durgpal,m
manav,m
sarafat,m
amit,m
vishnu,m
chandan,m
vikky,m
umesh,m
gulshan,m
ankit,m
uday,m
deepak,m
shelendra,m
puspender,m
yash,m
jatin,m
waseem,m
neeraj,m
devendra,m
girish,m
dharamvir,m
sanju,m
pushank,m
purnmal,m
aamil,m
alam,m
suraj,m
rahul,m
ravi,m
ganesh,m
jaideep,m
chetan,m
harilal,m
babu,m
bhahadur,m
shivram,m
sunil,m
adil,m
dilshad,m
raju,m
nitesh,m
samayddin,m
narander,m
mobin,m
mr.bhagchand,m
pankaj,m
ojas,m
gaurav,m
mukesh,m
pawan,m
baggusingh,m
mangelal,m
guljar,m
ompal,m
rohit,m
jagdish,m
prashant,m
deepak,m
jiyaul,m
bhavishya,m
keshar,m
rakesh,m
manoj,m
bhhatu,m
mustaq,m
mohan,m
abhisek,m
abhay,m
sandeep,m
heera,m
rakesh,m
brijesh,m
vakil,m
kulbhushan,m
mohanlal,m
ramesh,m
sanjay,m
jakir,m
juvel,m
praveen,m
sudeshwer,m
joginder,m
harichand,m
hariom,m
harichand,m
rakesh,m
arti,f
punia,m
karansingh,m
sitaram,m
sonu,m
taslim,m
fazaley,m
nasrudeen,m
naushad,m
sirajuddin,m
lakshmi,f
harish,m
deepak,m
tribavan,m
aaftab,m
mookan,m
amit,m
sachin,m
wasim,m
pannu,m
dilshad,m
narender,m
bhupender,m
rohit,m
nooralha,m
jeetram,m
rohit,m
vimal,m
amir,m
vijender,m
vijender,m
satish,m
diljan,m
nooralam,m
kasim,m
jasveen,m
deepak,m
ramsewak,m
manmohan,m
santosh,m
naveen,m
kuldeep,m
bhismpal,m
naresh,m
kali,m
mukesh,m
sheru,m
rinkal,m
shahruf,m
ajay,m
vijay,m
islamuddin,m
vijeta,m
amit,m
jagdish,m
ramlakhan,m
ramesh,m
rame,m
harendra,m
ravish,m
vishal,m
adil,m
vishal,m
sandeep,m
sarjeet,m
narbir,m
kuldeep,m
raju,m
sunil,m
punit,m
pankaj,m
aditya,m
deshraj,m
parvesh,m
gulshan,m
sammiuddin,m
aalam,m
motilal,m
naresh,m
tarun,m
farukh,m
janeshwar,m
vikas,m
ramkesh,m
anupam,m
bablu,m
salmam,m
roshanlal,m
arun,m
ravindar,m
suraj,m
gaurav,m
kasim,m
rahul,m
sumit,m
gaurav,m
rahul,m
janardam,m
dharmveer,m
vicky,m
suresh,m
abhishek,m
hemanshu,m
banwari,m
mukesh,m
aakas,m
kaptan,m
dinesh,m
santosh,m
manoj,m
jarif,m
sagar,m
pardeep,m
rahul,m
sonu,m
sachin,m
joginder,m
satynarayan,m
firoj,m
krishna,m
michael,m
manoj,m
raju,m
bablu,m
akil,m
bhavishya,m
gagan,m
suraj,m
gurprit,m
vikash,m
suraj,m
rahul,m
kuldeep,m
chhotu,m
kanhaya,m
bhojpal,m
sushant,m
abhishek,m
vishal,m
uttam,m
radesyam,m
birajbhushan,m
himanshu,m
ramesh,m
kallu,m
sanjay,m
vicky,m
iqarar,m
ankit,m
raju,m
rajat,m
prashant,m
subhas,m
sukhlal,m
ganesh,m
ganesh,m
prabhu,m
manoj,m
jagdeep,m
praveen,m
mudsir,m
pawan,m
sanjeev,m
deshraj,m
raj,m
arsad,m
aadesh,m
subhod,m
ravi,m
prakash,m
amit,m
rahul,m
shankar,m
juber,m
arvind,m
rajender,m
rahul,m
rohit,m
bhola,m
akbar,m
poonam,m
sandip,m
ramkumar,m
salim,m
ammar,m
jigar,m
ramlal,m
bhagirath,m
kasim,m
deepak,m
tejpal,m
bhim,m
sandeep,m
abid,m
sitaram,m
murarilal,m
deepak,m
juhewuddin,m
shahjad,m
ankur,m
inderjeet,m
deepak,m
rammurti,m
mamata,m
rahul,m
knheyalal,m
rambharos,m
naresh,m
anuj,m
manish,m
tamnna,m
sunil,m
sonu,m
pintu,m
ganesh,m
keshav,m
gautam,m
vinay,m
ramchandra,m
gurdeep,m
pappu,m
javed,m
javed,m
ajeet,m
sanjay,m
vishnu,m
bittu,m
rajkumar,m
laxman,m
ajay,m
motilaal,m
megraaj,m
satpal,m
akram,m
amit,m
sanjay,m
sanjay,m
premnarayan,m
vikesh,m
roopnarayan,m
pavan,m
devesh,m
raju,m
vimukt,m
mahesh,m
anil,m
irfan,m
rihan,m
nirmal,m
anooj,m
pawan,m
sonu,m
deepak,m
aniket,m
dheeraj,m
altaf,m
meharban,m
gurucharan,m
kamaljeet,m
sikender,m
mohit,m
kishan,m
sumit,m
manjesh,m
rohit,m
dalip,m
mittopuri,m
sanjeev,m
amratalal,m
girish,m
bhuwan,m
sanjeev,m
satender,m
vishal,m
pooja,m
rizwan,m
ajaypal,m
neeraj,m
nahid,m
manish,m
mohit,m
vishamitra,m
akash,m
rajiv,m
rajkumar,m
sunil,m
sandeep,m
krishana,m
rajesh,m
kapil,m
amarvesh,m
omprakash,m
subhash,m
premsingh,m
farid,m
mahtab,m
sanjay,m
ramesh,m
rahul,m
mohsin,m
rafiq,m
dilsad,m
sanjay,m
rahul,m
amot,m
rakesh,m
sunil,m
kamlesh,m
kapil,m
sahil,m
arjun,m
raju,m
kalu,m
rohit,m
dipansu,m
sandeep,m
sohib,m
ajay,m
trilok,m
anup,m
aakash,m
arif,m
pankaj,m
lucky,m
anantram,m
jitender,m
sagar,m
deepak,m
karan,m
panaj,m
madharam,m
madharam,m
madharam,m
aman,m
ajit,m
hariom,m
omprakash,m
yasin,m
yashin,m
raspal,m
rahul,m
jitender,m
nishu,m
paras,m
zahid,m
harinder,m
dorilal,m
govind,m
mamta,m
sumit,m
naina,m
aashis,m
mohd.kudtusu,m
ravi,m
ravi,m
narender,m
sinta,m
yogesh,m
suresh,m
pardeep,m
deepak,m
dharmraj,m
vishvanath,m
kishan,m
gaurav,m
kalu,m
ravi,m
ranjeet,m
ajay,m
anil,m
anil,m
khalil,m
vishal,m
rahul,m
nashimuddin,m
ravi,m
mamchand,m
jitender,m
pankaj,m
rampal,m
krishna,m
kayum,m
sushil,m
rajesh,m
neeraj,m
omkar,m
robin,m
kishor,m
shiraj,m
mukesh,m
ankit,m
vikash,m
gorav,m
gourav,m
yadram,m
varun,m
yesh,m
deepak,m
abhishek,m
aditya,m
kalip,m
sandeep,m
dharamveer,m
rohit,m
reenu,m
sunil,m
raju,m
arvind,m
rajesh,m
kunden,m
deepika,m
surender,m
keshav,m
ravi,m
pramod,m
ravi,m
santosh,m
vishal,m
sumit,m
lalu,m
chotu,m
ramswaroop,m
kuldeel,m
sarvesh,m
vishal,m
jittender,m
aarif,m
rahul,m
hiralal,m
popinder,m
mehruddin,m
yogesh,m
brijesh,m
aman,m
deepak,m
satpal,m
rajkumarm,m
rajan,m
surendra,m
fharman,m
manoj,m
binnu,m
rohit,m
ravinder,m
tarun,m
sunny,m
dev,m
satender,m
manoj,m
suresh,m
shivam,m
sonu,m
rihaan,m
pappu,m
anish,m
harsh,m
anand,m
ashish,m
vinod,m
amit,m
hemraj,m
tejpal,m
rohit,m
deelip,m
prakash,m
gangaram,m
pemaram,m
aarif,m
sunil,m
imran,m
ramkishan,m
manjeet,m
arjun,m
sadab,m
faizudeen,m
satish,m
bablu,m
suraj,m
shiva,m
aravind,m
dulichand,m
shoaib,m
manikchand,m
nitin,m
sarafraj,m
jitander,m
avinash,m
juber,m
gautam,m
subhash,m
shiva,m
shambhu,m
danish,m
pawansingh,m
vipin,m
manish,m
sanjiv,m
akash,m
nitin,m
sanjay,m
kamal,m
mogan,m
satish,m
mesak,m
umasankar,m
amir,m
prakesh,m
aman,m
rambhool,m
sanjay,m
anirudh,m
deepak,m
sanjiv,m
sandeep,m
vicky,m
sumit,m
gufran,m
karan,m
karan,m
arun,m
yogesh,m
sultan,m
krishan,m
ramlal,m
subrati,m
pinttu,m
karnesh,m
kedarmal,m
ravi,m
neeraj,m
sanjeevan,m
arbaj,m
tinku,m
tikaram,m
krishan,m
nitesh,m
aabid,m
shubankar,m
amit,m
krishna,m
keshav,m
pardeep,m
bhuralal,m
gulab,m
surajpal,m
pankajsheel,m
akash,m
ankit,m
ajay,m
ramkesh,m
mustafa,m
mukesh,m
manish,m
monu,m
devilal,m
sanjey,m
shajid,m
arjun,m
rahul,m
jatin,m
omendra,m
subham,m
rahimuddin,m
raju,m
v.r.thomas,m
rahim,m
rahim,m
ashif,m
shahrukh,m
mukesh,m
pawan,m
sahid,m
vijaypal,m
ashwani,m
rajesh,m
roshan,m
bhure,m
anish,m
akram,m
satish,m
shokesh,m
jagat,m
shivam,m
sunil,m
dev,m
sanjay,m
ganesh,m
abhishek,m
mintu,m
sabbu,m
sagar,m
shyam,m
vivek,m
vikesh,m
boby,m
kanhyalal,m
hansraj,m
monu,m
gurnam,m
monu,m
rahishudeen,m
pyarelal,m
deepak,m
sonu,m
rahil,m
sunny,m
satish,m
hasim,m
deepu,m
rahul,m
shahnawaj,m
sanjay,m
deepak,m
balram,m
sunil,m
rohit,m
rajesh,m
rahul,m
rinku,m
kartik,m
kartik,m
kalyan,m
aanand,m
ayush,m
jitender,m
ankit,m
nayeem,m
rupesh,m
goldy,m
vikash,m
devendra,m
ravi,m
juber,m
juber,m
ramswroop,m
rajkumar,m
prempal,m
kalu,m
kamal,m
naeem,m
krishana,m
monu,m
mahesh,m
shashikant,m
sajid,m
ravi,m
bhoopsingh,m
mayak,m
arnab,m
nadim,m
manoj,m
mandeep,m
raju,m
gorav,m
vishal,m
pushpendra,m
pradeep,m
aarif,m
bablu,m
vishal,m
pawan,m
vishnu,m
goutam,m
ranjeet,m
vikram,m
badal,m
sudesh,m
santosh,m
raju,m
parvez,m
deepchand,m
shashank,m
parvej,m
mukesh,m
tarun,m
irsad,m
raheesh,m
shivbhagvan,m
sandeep,m
amir,m
kanhiya,m
abhishek,m
bilal,m
bilal,m
rahul,m
akkni,m
adil,m
bikram,m
raju,m
balbir,m
amir,m
binpal,m
amit,m
anand,m
karishan,m
rahul,m
nepal,m
bansilal,m
kamala,m
uttam,m
basant,m
ashok,m
murli,m
bhart,m
peentu,m
hansraj,m
riyaz,m
sandeep,m
badal,m
jantarpal,m
vijender,m
deepanker,m
mehboob,m
md.yunus,m
shamshad,m
mukul,m
kalu,m
rajkumar,m
sohail,m
haseen,m
maniram,m
sanjay,m
jagdeesh,m
hansraj,m
vinod,m
omprakesh,m
sirazudeen,m
rohit,m
jamshed,m
mohit,m
mannu,m
talib,m
rahul,m
dilshad,m
sunil,m
netrapal,m
abid,m
deepak,m
raju,m
dinesh,m
muntajar,m
aman,m
guddu,m
nazim,m
sonu,m
imran,m
mohsin,m
naajim,m
manohar,m
sandeep,m
nikhil,m
pramjeet,m
kamrudeen,m
radheshyam,m
nijamudeen,m
bharat,m
sunil,m
vahab,m
motolal,m
jogender,m
asif,m
prem,m
rakesh,m
narinder,m
sanjay,m
aayush,m
lakhua,m
mukesh,m
amritpal,m
vikash,m
kohinoor,m
gokul,m
mohatter,m
vijay,m
deepak,m
deepak,m
kalu,m
sagar,m
vimal,m
jahid,m
sanjay,m
ranjeet,m
gopal,m
shyam,m
sazid,m
shubham,m
rajan,m
rehmat,m
neeraj,m
gaurav,m
goverdhan,m
baljeet,m
dhirpal,m
baljeet,m
birender,m
mukesh,m
rajendra,m
ratnesh,m
amarjit,m
anup,m
chanda,m
rajesh,m
sahil,m
suraj,m
parmod,m
gauri,m
sanjay,m
sanjay,m
ajmer,m
ravi,m
nitu,m
nana,m
samina,m
randhir,m
neeraj,m
surajbhan,m
suraj,m
baudi,m
satish,m
sumit,m
naveen,m
naresh,m
jimmi,m
sunny,m
akash,m
ravinder,m
kishan,m
akhilesh,m
sameeruddin,m
randeep,m
rambhajan,m
kisan,m
lakky,m
satyam,m
shishpal,m
jagdish,m
amit,m
karmbir,m
naved,m
bharat,m
balwant,m
subash,m
mantu,m
sagar,m
sahil,m
bablu,m
bhima,m
prshant,m
bhagirath,m
nazmuslam,m
nazmuslam,m
vaibhav,m
nanhe,m
shivam,m
prabhatilal,m
monu,m
shiva,m
sameer,m
sajan,m
manojkumar,m
naresh,m
himanshu,m
tinku,m
deepak,m
anurag,m
harender,m
sumer,m
nausad,m
raja,m
ashish,m
pinku,m
deepak,m
sandeep,m
pappu,m
ramchander,m
shambhu,m
bajinder,m
omprkesh,m
mahesh,m
ramchander,m
shekhar,m
fazulla,m
nandu,m
mukesh,m
naveen,m
yamin,m
lilaram,m
ishwar,m
sanjay,m
brijmohan,m
dhmendar,m
rohit,m
dhamender,m
devraj,m
rakesh,m
bhuneshwar,m
akash,m
vikas,m
jamaal,m
kamal,m
amar,m
warmati,m
pradeep,m
patender,m
sunny,m
narbahadur,m
dharmender,m
shahid,m
pravesh,m
jatin,m
ajay,m
mantu,m
hitesh,m
kirodimal,m
kishore,m
tundiram,m
bharat,m
amit,m
mahesh,m
yogender,m
aarav,m
shivam,m
deepak,m
iqram,m
mohsin,m
bundhu,m
rohit,m
vindeshver,m
manish,m
sawarmal,m
mohit,m
rohit,m
sagar,m
vishnu,m
kishan,m
kallu,m
deepak,m
naimuddin,m
dhanraj,m
budhram,m
padam,m
kalicharan,m
anand,m
vivek,m
samir,m
harish,m
sagar,m
manoj,m
himansu,m
gopal,m
rahul,m
talvender,m
sagar,m
rakesh,m
rahul,m
jalil,m
raja,m
vinod,m
islam,m
imamudeen,m
ashok,m
sonu,m
umlesh,m
rihaan,m
nishant,m
chandan,m
kamlesh,m
bagaram,m
deepa,m
chunni,m
piyush,m
rajkumar,m
rajkumar,m
altmash,m
mohanlal,m
depander,m
nirmal,m
shubham,m
rajpal,m
karan,m
horam,m
mukul,m
vishnu,m
sandeep,m
rahul,m
ankur,m
naveen,m
saddam,m
chaturbhuj,m
manoj,m
sahid,m
ajay,m
ashok,m
rajesh,m
bhola,m
sunil,m
ganesh,m
mahinudin,m
parmod,m
sahil,m
sanjay,m
lavkush,m
devender,m
tarun,m
amit,m
kush,m
jasvinder,m
kedarnath,m
rohit,m
vikas,m
pankaj,m
rajesh,m
kaleram,m
monish,m
guddu,m
salman,m
rakesh,m
narender,m
baidnath,m
badnath,m
abhishek,m
jogender,m
danish,m
irfan,m
pushpender,m
yuveraj,m
azim,m
himanshu,m
naim,m
shakil,m
sandeep,m
yashbir,m
rituraj,m
praveen,m
nizam,m
premchand,m
arjun,m
ravi,m
ajay,m
shahid,m
shivlal,m
dharmpal,m
laxman,m
sukhbir,m
ajay,m
murarilal,m
mukesh,m
dhirender,m
idrish,m
manish,m
manish,m
rajender,m
rahul,m
balwan,m
balwan,m
sandeep,m
akash,m
javed,m
akheelesh,m
bhavesh,m
kamlesh,m
julficar,m
sonu,m
surendra,m
neeraj,m
sameem,m
ranbir,m
kuldeep,m
prahlad,m
vinod,m
ranvir,m
ramender,m
satendra,m
parmeshwar,m
kartik,m
dilshad,m
rohit,m
nihalchand,m
abhishek,m
baljeet,m
dinesh,m
raju,m
vipan,m
satpal,m
ravinder,m
vashu,m
raheesh,m
laxman,m
laxman,m
allabaksh,m
ravi,m
lokesh,m
ajeem,m
aniket,m
bhola,m
mohan,m
gaurav,m
deepak,m
karan,m
rajender,m
lekhraj,m
vishnu,m
akash,m
sanjay,m
mohan,m
noshad,m
surajmal,m
sameer,m
vishal,m
vishnu,m
harender,m
badrudeen,m
mohd.wahid,m
aakash,m
raju,m
sandeep,m
danish,m
manav,m
manav,m
abhinandan,m
rajdev,m
gangaram,m
kalish,m
abhinandan,m
mukram,m
rahul,m
rajesh,m
parveen,m
raju,m
mahesh,m
rinku,m
pankaj,m
mangu,m
najim,m
dilkush,m
asif,m
sanjay,m
hansraj,m
somnath,m
abhinay,m
narender,m
vikash,m
javed,m
karamvir,m
deepak,m
hemraj,m
ravi,m
rampal,m
mahipal,m
vinod,m
wajuddin,m
yunishs,m
sunil,m
vikram,m
israil,m
mitthu,m
murarilal,m
vipin,m
satish,m
arshad,m
arshad,m
ravinder,m
bhonu,m
naveen,m
sanjay,m
govind,m
priti,m
sakhichander,m
shivnath,m
kuldeep,m
dinesh,m
dhrambir,m
nareshpal,m
gaurav,m
yasmin,m
rohit,m
ankush,m
tushar,m
pankaj,m
amir,m
omprakash,m
vijay,m
sunil,m
digvijay,m
shubham,m
sushil,m
dhara,m
rahul,m
shankar,m
kailash,m
ravi,m
ravi,m
mahesh,m
sanjay,m
rinku,m
aazad,m
nathu,m
ahamad,m
amarjeet,m
santosh,m
harpal,m
yaadram,m
arjun,m
pankaj,m
kabid,m
tejpal,m
shakib,m
mukesh,m
gaurav,m
dinesh,m
shakib,m
baljeet,m
sachin,m
bhorelal,m
danish,m
mitthun,m
sagar,m
deepvhand,m
vasim,m
deepak,m
kapil,m
pankaj,m
vishal,m
jhagdoo,m
riyaz,m
asif,m
vijay,m
manjeet,m
naresh,m
gaurav,m
shakir,m
deepak,m
disha,m
dilsad,m
sajid,m
sonu,m
baburam,m
sarbash,m
mohamad,m
saurav,m
harish,m
rajkumar,m
ravi,m
deepak,m
dinesh,m
gobind,m
chanchal,m
kunal,m
vivek,m
imran,m
gulshan,m
kailash,m
harji,m
suleman,m
mukesh,m
karan,m
rahul,m
kuldeep,m
sonu,m
majid,m
rajkumar,m
sanjay,m
pasanjeet,m
vijaypal,m
saleem,m
rajkumar,m
mohit,m
usman,m
guddu,m
anish,m
farid,m
usman,m
jishan,m
rohit,m
vashisast,m
gurnam,m
muntjar,m
mukesh,m
kamal,m
sonu,m
avinash,m
sagir,m
waseem,m
mukesh,m
shahid,m
gautam,m
deepchand,m
raju,m
suresh,m
sanju,m
dilshad,m
deepi,m
hariom,m
rahul,m
rakesh,m
aakash,m
vikash,m
rinku,m
asha,m
inderpal,m
vikram,m
raman,m
ashish,m
arshad,m
munnakumar,m
rajbeer,m
amit,m
chotu,m
avinash,m
vinod,m
chandreshwar,m
prakash,m
bunty,m
sohaib,m
sachidanand,m
omprakash,m
mandeep,m
mahinder,m
omparkash,m
naulesh,m
vikram,m
raisuddin,m
sumer,m
kamalkishore,m
monu,m
ajay,m
aasif,m
eliyas,m
bhupendra,m
vishnu,m
kasim,m
moh.jakir,m
rahul,m
ramdutt,m
narender,m
bipin,m
yogender,m
raju,m
suraj,m
rajnesh,m
gulsher,m
shiva,m
kamal,m
unknown,m
rocky,m
subham,m
javid,m
dinesh,m
abhisek,m
karishan,m
karishan,m
vinod,m
jaipal,m
ramjanam,m
mamta,m
mayank,m
rajesh,m
matadeen,m
manish,m
atul,m
arbaz,m
prince,m
sazid,m
sahil,m
arsh,m
narender,m
ramji,m
rajender,m
palaram,m
abid,m
sachin,m
gautam,m
hukamchand,m
ashu,m
israr,m
pooranmal,m
narender,m
ramotar,m
neeraj,m
shahjad,m
pappu,m
jitender,m
vishal,m
garsh,m
rohitash,m
deepak,m
rakesh,m
omkar,m
jeetu,m
bablu,m
salman,m
ajit,m
nitesh,m
jagdish,m
pratha,m
deepak,m
gulab,m
deepak,m
ghanshayam,m
balram,m
vimal,m
sahid,m
aasif,m
salinder,m
mahesh,m
manish,m
kailash,m
bhusan,m
galiya,m
satish,m
javed,m
mohit,m
chandan,m
rakesh,m
vivek,m
jyoti,m
bablu,m
madan,m
shlender,m
aamir,m
dulal,m
deepak,m
tanuja,m
ramesh,m
shalender,m
ramjani,m
chand,m
imran,m
manoj,m
babu,m
neetu,m
ashish,m
hasina,m
dinesh,m
gagandeep,m
sajid,m
rohit,m
udaylal,m
surender,m
nitin,m
dharmveer,m
harendra,m
tofik,m
asif,m
adan,m
ramdhan,m
sonu,m
ashrfi,m
raja,m
dinesh,m
vashu,m
manoj,m
sundar,m
farman,m
parvez,m
mahesh,m
irfan,m
ram,m
suraj,m
alim,m
manoj,m
dharminder,m
hemraj,m
hemraj,m
naresh,m
suraj,m
rajan,m
vikaram,m
jafruddin,m
vikash,m
kailash,m
baleshwer,m
kale,m
shabir,m
abhishek,m
shahjad,m
banju,m
arvind,m
mahboob,m
sonu,m
rohit,m
anandilal,m
rakesh,m
rakesh,m
raj,m
mohanlal,m
shishram,m
hanshraj,m
santosh,m
manoj,m
mukesh,m
pappu,m
ranbir,m
majid,m
babulal,m
barkat,m
sohel,m
satyanarayan,m
dheeraj,m
narender,m
vikash,m
anand,m
radheshyam,m
gulshan,m
shobharam,m
ashok,m
aashish,m
keshram,m
sanjay,m
navendra,m
kishnaram,m
sonu,m
sumit,m
sumit,m
mukesh,m
rohtash,m
rana,m
sumit,m
jagbir,m
mohit,m
prakash,m
dinesh,m
rajkumar,m
km.deyji,m
vakil,m
vikash,m
deepak,m
mukkesh,m
mukesh,m
inderjit,m
raju,m
jitender,m
kareshan,m
sitaram,m
parmodh,m
yogesh,m
parsant,m
vikas,m
jishant,m
rihan,m
dalpat,m
deeraj,m
budhu,m
maushid,m
mudssir,m
lav,m
deepak,m
anil,m
vishal,m
devendra,m
vinay,m
jitendra,m
ashu,m
jagmohan,m
ravinder,m
amjad,m
rohit,m
mushir,m
rambarose,m
aasif,m
ansar,m
juber,m
ramkumar,m
deepak,m
vishnu,m
biram,m
jaquir,m
ramesh,m
kapil,m
sadabrij,m
mohit,m
vinod,m
aahim,m
shahbuddin,m
imran,m
mohsin,m
pervinder,m
ramu,m
lala,m
raja,m
sanjay,m
kamal,m
saurabh,m
rohit,m
arsad,m
raja,m
gurdayal,m
manish,m
rahul,m
suresh,m
salim,m
subhash,m
mrityunjay,m
syamsunder,m
sattaram,m
yogesh,m
deepak,m
suman,m
rahul,m
sabir,m
rakesh,m
subburaiyalu,m
sachin,m
aadil,m
shahbaz,m
ramesh,m
dharmender,m
rahul,m
upender,m
ramjiyawan,m
babar,m
ravi,m
omkar,m
vikash,m
radheshyam,m
latesh,m
aashish,m
krishan,m
raju,m
aditya,m
sonu,m
hansraj,m
nasir,m
kapil,m
shahrukh,m
vikas,m
riyazuddin,m
krish,m
salman,m
parveen,m
raju,m
deepak,m
urmila,m
pankaj,m
kalayan,m
akash,m
parveen,m
chogalal,m
sandeep,m
salman,m
rohit,m
anup,m
rafi,m
ramkishan,m
deepu,m
joni,m
shiv,m
firoz,m
abhimanyu,m
deepak,m
rajbir,m
arun,m
arjun,m
chhotu,m
altab,m
raju,m
dharmender,m
aashu,m
mandeep,m
raju,m
satpal,m
sumit,m
yaqoob,m
arshad,m
prince,m
ravi,m
salim,m
sandeep,m
muzamiil,m
kirodimal,m
amar,m
shishpal,m
adrash,m
lekhram,m
krishna,m
mohsin,m
akash,m
hardev,m
virender,m
ramnath,m
moh.,m
suraj,m
raju,m
rajesh,m
pusgpender,m
sumesh,m
sajjan,m
fahim,m
sonu,m
sunilrawat,m
danish,m
menpal,m
vikash,m
hitlar,m
kala,m
faiyaaz,m
fakrudeen,m
aaftab,m
vinayak,m
dilshad,m
neeraj,m
netram,m
hansraj,m
afjal,m
satayanarayan,m
pankaj,m
maisan,m
nadem,m
ajit,m
rajkumar,m
sorab,m
omparkesh,m
jitesh,m
manjeet,m
kouchu,m
mujeeb,m
krish,m
saud,m
ankit,m
chandan,m
ghantoli,m
nitin,m
adil,m
subhash,m
sushil,m
muzmil,m
narender,m
abhinav,m
shivraj,m
riyajul,m
chandpreet,m
leelu,m
sahnabaj,m
ajay,m
santram,m
vijaypal,m
titu,m
ashwani,m
sahabudeen,m
dev,m
jaspreet,m
jaspreet,m
jaspreet,m
satendra,m
pintu,m
sabir,m
rajesh,m
vivek,m
laxman,m
subhan,m
manoj,m
rahul,m
rohit,m
jatin,m
raju,m
monu,m
nesha,m
santram,m
tulcharam,m
punkaj,m
dashrath,m
adalat,m
ranjeet,m
sumnesh,m
chunaram,m
arjun,m
vikrant,m
rinku,m
rohit,m
suraj,m
umar,m
suresh,m
rahul,m
javed,m
ravishankar,m
karishan,m
rajkumar,m
mohd.javed,m
adil,m
aman,m
yadvir,m
somprakash,m
ramniwas,m
unknown,m
sunil,m
nadeem,m
salman,m
tariq,m
gopal,m
sandeep,m
banti,m
satish,m
atif,m
shivam,m
mahesh,m
sauhal,m
lokesh,m
sajid,m
arun,m
adarsh,m
sanny,m
mukesh,m
virender,m
abhishek,m
rinku,m
kauva,m
sethi,m
manoj,m
deepak,m
sukhbir,m
prem,m
madan,m
kamal,m
abhisek,m
rajdev,m
rohtash,m
nitin,m
malkeet,m
yasin,m
suresh,m
julfikaar,m
kundan,m
jaibir,m
tilakraj,m
rahul,m
vipin,m
sahnaj,m
pintu,m
shahid,m
satish,m
gaurav,m
tarun,m
vivek,m
prince,m
amit,m
devesh,m
manoj,m
arun,m
akash,m
harsh,m
amrjeet,m
vishal,m
joginder,m
chhotu,m
aashish,m
sandeep,m
basibul,m
ravi,m
dhulin,m
narender,m
ilyas,m
rafeddin,m
manjeet,m
dharampal,m
shital,m
umesh,m
vikas,m
subhash,m
abhijeet,m
bittu,m
lalu,m
deni,m
tarun,m
dilvar,m
abhishek,m
parkash,m
pritam,m
goverdhan,m
mannu,m
nadeem,m
jeete,m
rinku,m
prinsh,m
sivam,m
rahul,m
suresh,m
harun,m
virender,m
akash,m
harish,m
sonu,m
ajay,m
munna,m
anish,m
akhileshwer,m
sukhsohan,m
satish,m
shahzad,m
ankit,m
sushpal,m
aman,m
ikbal,m
danish,m
ashish,m
chandan,m
giriraj,m
krishnal,m
golu,m
rakesh,m
azim,m
vipin,m
rahul,m
rahul,m
rasid,m
sachin,m
osier,m
ravi,m
jaswant,m
kartik,m
yogesh,m
rajender,m
jitender,m
salim,m
sunil,m
sakchan,m
kirorimal,m
saurabh,m
bhimsen,m
sanju,m
daksh,m
ravinder,m
chandu,m
vakeel,m
anuj,m
himanshu,m
shabbir,m
mishrilaal,m
mosim,m
ashif,m
yogendra,m
laxman,m
parth,m
monu,m
ajay,m
prince,m
arvind,m
sunil,m
amit,m
naseem,m
arun,m
rakesh,m
rajesh,m
sidharth,m
hamid,m
bharat,m
satyam,m
sunil,m
suresh,m
pardeep,m
sainky,m
jayantadass,m
kavit,m
bupal,m
abhishak,m
mohit,m
arun,m
rajat,m
dinesh,m
dimpy,m
ramphal,m
sonu,m
shayampuri,m
balwan,m
anurag,m
jaipal,m
radheshyam,m
akshay,m
sanjay,m
ajay,m
prakash,m
shivam,m
shivam,m
suraj,m
jitender,m
jagdish,m
rajan,m
mahendra,m
sakil,m
mukesh,m
sunder,m
mikel,m
adil,m
monu,m
suresh,m
rajesh,m
irfan,m
naseef,m
yogesh,m
alok,m
tarachand,m
mangal,m
istikar,m
pappu,m
rajesh,m
vimal,m
sanju,m
santosh,m
akhalak,m
harender,m
priju,m
tirath,m
shishpal,m
ashwani,m
ragib,m
ramesh,m
deepak,m
mukesh,m
sonu,m
karan,m
shalender,m
kamal,m
sachin,m
karan,m
abhishek,m
sabid,m
vinod,m
vijay,m
parveen,m
amit,m
parveen,m
firoj,m
imsaan,m
suresh,m
santosh,m
mangilal,m
sahabbudin,m
vinay,m
sunil,m
shiva,m
salim,m
kavit,m
rakesh,m
pintu,m
faizan,m
sameer,m
guddu,m
anup,m
raisingh,m
vishnu,m
mayank,m
rahul,m
rajish,m
saddam,m
ravi,m
amit,m
teenu,m
jauli,m
raja,m
sahil,m
shamshad,m
beeru,m
atul,m
rohit,m
anil,m
dharmveer,m
vishnu,m
dinesh,m
mohit,m
pawna,m
virender,m
jisu,m
lakhmi,m
rajesh,m
sameer,m
sachin,m
hemant,m
raja,m
bhola,m
lokesh,m
jagdish,m
premchand,m
hemant,m
salauddin,m
mohd.asif,m
rajiv,m
rahul,m
arif,m
rakesh,m
tasleem,m
rakesh,m
choturam,m
santosh,m
vishal,m
govind,m
naresh,m
siraj,m
pardeshi,m
mohit,m
lovely,m
hasir,m
varun,m
rahul,m
kapil,m
sonu,m
neetu,m
lokesh,m
rajbir,m
anuj,m
akash,m
manish,m
soheb,m
waseem,m
dasharath,m
parveen,m
sombir,m
kaushal,m
kailash,m
dharambir,m
dilip,m
himanshu,m
ashok,m
mukesh,m
ravinder,m
kapil,m
gaurav,m
kalpna,m
surender,m
mohanlal,m
happy,m
vikram,m
shripal,m
sandeep,m
mukesh,m
amit,m
akhilesh,m
pawan,m
shakti,m
rajkumar,m
mukesh,m
pawan,m
vinod,m
gaurav,m
manjeet,m
aashik,m
ruchit,m
kulli,m
rajeev,m
rajeev,m
baniya,m
satbir,m
rajan,m
krishan,m
matok,m
rekha,m
baburam,m
deepak,m
suman,m
parmod,m
manish,m
devender,m
bajulal,m
pappu,m
deepak,m
nandi,m
aryan,m
jasvir,m
abhishek,m
sahil,m
jagmohan,m
bharat,m
sachin,m
raeeyan,m
bijender,m
vinod,m
rajesh,m
narender,m
umesh,m
pintu,m
rahul,m
piyus,m
anshum,m
gensingh,m
nadeem,m
aslam,m
aman,m
rohit,m
hemant,m
narender,m
shivam,m
balraj,m
balaram,m
rahul,m
soyab,m
deendyal,m
dhramender,m
babuddin,m
salman,m
rizwaan,m
deepak,m
sonu,m
ajay,m
narender,m
dharmpal,m
narender,m
ruksar,m
dinesh,m
ashish,m
gourav,m
suraj,m
mukul,m
matadeen,m
salman,m
veerbhan,m
shispal,m
laxminarain,m
raju,m
moolchul,m
rajesh,m
monupal,m
ritesh,m
rajender,m
mahesh,m
rakesh,m
rajesh,m
sanjay,m
nooruddin,m
puran,m
sonu,m
manav,m
shambhu,m
tauseek,m
sokin,m
rajkumar,m
puneet,m
ajay,m
gollu,m
jai,m
bablu,m
pinki,m
mukesh,m
harender,m
ghanshyam,m
rayish,m
ayush,m
avid,m
buddha,m
mukesh,m
monu,m
deepak,m
